,newIds
0,cl5iwsp3c0000ycnmcscjebps
1,cl5iwsped0001ycnmp0p4uxwy
2,cl5iwspop0002ycnmladtjpvh
3,cl5iwsq0c0003ycnmpp4rulyb
4,cl5iwsqbx0004ycnmbnbtkr2r
5,cl5iwsqng0005ycnmxefro3i9
6,cl5iwsqzb0006ycnmrxzbgioz
7,cl5iwsrc30007ycnm1r6v7lbe
8,cl5iwsrpk0008ycnmn1tnkmd7
9,cl5iwss2f0009ycnmyl0cw6mg
10,cl5iwssdy000aycnmnqbtxfye
11,cl5iwsspy000bycnm4kdy3286
12,cl5iwst47000cycnm7dshsm8d
13,cl5iwsthi000dycnml6ehn1wk
14,cl5iwsts8000eycnm3345tjdq
15,cl5iwsu35000fycnmzh7jp4i5
16,cl5iwsuds000gycnm682zb8kj
17,cl5iwsuor000hycnm7ofpia3i
18,cl5iwsv0g000iycnm60xdz0kn
19,cl5iwsvbx000jycnmlom4wzjh
20,cl5iwsvmj000kycnmryv63dl0
